date,VtyDayRet30d
17/08/2010,0.089089161
18/08/2010,0.088618528
19/08/2010,0.087610017
20/08/2010,0.086859769
21/08/2010,0.066333783
22/08/2010,0.066094298
23/08/2010,0.062994053
24/08/2010,0.061076838
25/08/2010,0.058448088
26/08/2010,0.057997700
27/08/2010,0.058034082
28/08/2010,0.048626179
29/08/2010,0.046528897
30/08/2010,0.045883125
31/08/2010,0.044476348
01/09/2010,0.044764533
02/09/2010,0.044924870
03/09/2010,0.044547647
04/09/2010,0.042984821
05/09/2010,0.042970863
06/09/2010,0.042154187
07/09/2010,0.041782358
08/09/2010,0.031593006
09/09/2010,0.031552720
10/09/2010,0.031037426
11/09/2010,0.030938959
12/09/2010,0.027818031
13/09/2010,0.026916475
14/09/2010,0.026467759
15/09/2010,0.026793215
16/09/2010,0.024011615
17/09/2010,0.024092667
18/09/2010,0.024204369
19/09/2010,0.024647894
20/09/2010,0.024521670
21/09/2010,0.024584253
22/09/2010,0.024528244
23/09/2010,0.024546867
24/09/2010,0.024548275
25/09/2010,0.024479575
26/09/2010,0.024306913
27/09/2010,0.024306190
28/09/2010,0.024268255
29/09/2010,0.024077898
30/09/2010,0.019050455
01/10/2010,0.018058203
02/10/2010,0.017644116
03/10/2010,0.015981292
04/10/2010,0.015478597
05/10/2010,0.015407633
06/10/2010,0.015960329
07/10/2010,0.019710177
08/10/2010,0.046083347
09/10/2010,0.049134382
10/10/2010,0.049180428
11/10/2010,0.049390057
12/10/2010,0.048664761
13/10/2010,0.051090461
14/10/2010,0.051626516
15/10/2010,0.051035128
16/10/2010,0.052074878
17/10/2010,0.051318054
18/10/2010,0.051379516
19/10/2010,0.052717050
20/10/2010,0.052516755
21/10/2010,0.053705036
22/10/2010,0.054582526
23/10/2010,0.054534013
24/10/2010,0.056247174
25/10/2010,0.064003157
26/10/2010,0.064555539
27/10/2010,0.072855192
28/10/2010,0.075630606
29/10/2010,0.076087421
30/10/2010,0.075756440
31/10/2010,0.076386381
01/11/2010,0.076050946
02/11/2010,0.076016981
03/11/2010,0.076144964
04/11/2010,0.079580476
05/11/2010,0.080735339
06/11/2010,0.107600458
07/11/2010,0.110083357
08/11/2010,0.129605336
09/11/2010,0.132254782
10/11/2010,0.132016593
11/11/2010,0.132329702
12/11/2010,0.134768202
13/11/2010,0.134309291
14/11/2010,0.134369047
15/11/2010,0.134365321
16/11/2010,0.139661911
17/11/2010,0.139843805
18/11/2010,0.139751865
19/11/2010,0.139705785
20/11/2010,0.139497738
21/11/2010,0.139164462
22/11/2010,0.139144082
23/11/2010,0.138830754
24/11/2010,0.135563994
25/11/2010,0.135242208
26/11/2010,0.130024751
27/11/2010,0.128848309
28/11/2010,0.128433786
29/11/2010,0.132197377
30/11/2010,0.133534894
01/12/2010,0.134453239
02/12/2010,0.135896417
03/12/2010,0.135952647
04/12/2010,0.137650586
05/12/2010,0.135576311
06/12/2010,0.106542099
07/12/2010,0.106775256
08/12/2010,0.087797268
09/12/2010,0.091365829
10/12/2010,0.090824011
11/12/2010,0.093075487
12/12/2010,0.086573330
13/12/2010,0.086664279
14/12/2010,0.088064717
15/12/2010,0.087937472
16/12/2010,0.081951647
17/12/2010,0.081101348
18/12/2010,0.078586995
19/12/2010,0.078269064
20/12/2010,0.080785350
21/12/2010,0.082708851
22/12/2010,0.082792400
23/12/2010,0.082794115
24/12/2010,0.082793386
25/12/2010,0.082813906
26/12/2010,0.083528317
27/12/2010,0.083527414
28/12/2010,0.083913544
29/12/2010,0.078710936
30/12/2010,0.075913670
31/12/2010,0.074547264
01/01/2011,0.071873963
02/01/2011,0.071773608
03/01/2011,0.060238751
04/01/2011,0.060086328
05/01/2011,0.060119609
06/01/2011,0.055570060
07/01/2011,0.056702513
08/01/2011,0.044362827
09/01/2011,0.044447267
10/01/2011,0.040589028
11/01/2011,0.039626293
12/01/2011,0.039980673
13/01/2011,0.037848406
14/01/2011,0.054902824
15/01/2011,0.055532712
16/01/2011,0.054962486
17/01/2011,0.058861748
18/01/2011,0.062944509
19/01/2011,0.060207211
20/01/2011,0.068621606
21/01/2011,0.069357973
22/01/2011,0.069481059
23/01/2011,0.069346902
24/01/2011,0.070543804
25/01/2011,0.070487085
26/01/2011,0.070430238
27/01/2011,0.069928428
28/01/2011,0.069662482
29/01/2011,0.069779788
30/01/2011,0.070906130
31/01/2011,0.072330111
01/02/2011,0.088372853
02/02/2011,0.087962557
03/02/2011,0.088966537
04/02/2011,0.091777423
05/02/2011,0.092752844
06/02/2011,0.093002067
07/02/2011,0.093239080
08/02/2011,0.093026562
09/02/2011,0.093692609
10/02/2011,0.094434338
11/02/2011,0.093945935
12/02/2011,0.093643203
13/02/2011,0.087221313
14/02/2011,0.086324118
15/02/2011,0.086674928
16/02/2011,0.083476944
17/02/2011,0.078996189
18/02/2011,0.085730933
19/02/2011,0.078389897
20/02/2011,0.080735235
21/02/2011,0.081306623
22/02/2011,0.081391970
23/02/2011,0.080149585
24/02/2011,0.080549736
25/02/2011,0.082873856
26/02/2011,0.082921307
27/02/2011,0.084548941
28/02/2011,0.085091026
01/03/2011,0.084765483
02/03/2011,0.083607985
03/03/2011,0.064988815
04/03/2011,0.065565342
05/03/2011,0.064835518
06/03/2011,0.058845332
07/03/2011,0.054768452
08/03/2011,0.054752957
09/03/2011,0.054741407
10/03/2011,0.055889774
11/03/2011,0.053058416
12/03/2011,0.053378064
13/03/2011,0.051618144
14/03/2011,0.051355291
15/03/2011,0.051323631
16/03/2011,0.051203025
17/03/2011,0.051338954
18/03/2011,0.051452117
19/03/2011,0.051831306
20/03/2011,0.045322037
21/03/2011,0.044476444
22/03/2011,0.043651100
23/03/2011,0.044181316
24/03/2011,0.043542624
25/03/2011,0.043340462
26/03/2011,0.039804941
27/03/2011,0.037928584
28/03/2011,0.037105964
29/03/2011,0.035225670
30/03/2011,0.034577660
31/03/2011,0.031854153
01/04/2011,0.031514167
02/04/2011,0.031645293
03/04/2011,0.030940656
04/04/2011,0.038997681
05/04/2011,0.040404230
06/04/2011,0.041072523
07/04/2011,0.041279260
08/04/2011,0.041276867
09/04/2011,0.039012661
10/04/2011,0.038370781
11/04/2011,0.038698778
12/04/2011,0.044012288
13/04/2011,0.046271043
14/04/2011,0.047687712
15/04/2011,0.047523020
16/04/2011,0.048143083
17/04/2011,0.048165026
18/04/2011,0.047307776
19/04/2011,0.046631778
20/04/2011,0.047579460
21/04/2011,0.047294493
22/04/2011,0.053263758
23/04/2011,0.069835456
24/04/2011,0.074268849
25/04/2011,0.074520303
26/04/2011,0.075965970
27/04/2011,0.075572455
28/04/2011,0.080341311
29/04/2011,0.086785752
30/04/2011,0.091140027
01/05/2011,0.095850269
02/05/2011,0.095641297
03/05/2011,0.095158839
04/05/2011,0.088852238
05/05/2011,0.089846472
06/05/2011,0.089851002
07/05/2011,0.089636037
08/05/2011,0.088974360
09/05/2011,0.088702888
10/05/2011,0.107652122
11/05/2011,0.109350328
12/05/2011,0.110190850
13/05/2011,0.115205028
14/05/2011,0.122131126
15/05/2011,0.122058602
16/05/2011,0.122627474
17/05/2011,0.125633996
18/05/2011,0.127953862
19/05/2011,0.128064721
20/05/2011,0.135771624
21/05/2011,0.135858869
22/05/2011,0.134888403
23/05/2011,0.128821989
24/05/2011,0.125277471
25/05/2011,0.125199988
26/05/2011,0.124673825
27/05/2011,0.125520290
28/05/2011,0.123575298
29/05/2011,0.119066284
30/05/2011,0.114725307
31/05/2011,0.111254726
01/06/2011,0.111863897
02/06/2011,0.112567449
03/06/2011,0.121233150
04/06/2011,0.125968667
05/06/2011,0.129196259
06/06/2011,0.129575858
07/06/2011,0.133649530
08/06/2011,0.136140444
09/06/2011,0.121790705
10/06/2011,0.128087497
11/06/2011,0.159894478
12/06/2011,0.159642679
13/06/2011,0.156074375
14/06/2011,0.156104237
15/06/2011,0.155096518
16/06/2011,0.155075173
17/06/2011,0.157503289
18/06/2011,0.157891664
19/06/2011,0.151582536
20/06/2011,0.151521953
21/06/2011,0.151176666
22/06/2011,0.151240536
23/06/2011,0.151305951
24/06/2011,0.149733135
25/06/2011,0.149796090
26/06/2011,0.150425241
27/06/2011,0.150206126
28/06/2011,0.150185983
29/06/2011,0.150229078
30/06/2011,0.150576975
01/07/2011,0.150346453
02/07/2011,0.149395789
03/07/2011,0.140063709
04/07/2011,0.133409373
05/07/2011,0.132720040
06/07/2011,0.133368821
07/07/2011,0.125437175
08/07/2011,0.117153415
09/07/2011,0.117244670
10/07/2011,0.113616333
11/07/2011,0.070474159
12/07/2011,0.052976604
13/07/2011,0.052281476
14/07/2011,0.052330869
15/07/2011,0.052177951
16/07/2011,0.050442729
17/07/2011,0.043206895
18/07/2011,0.039919084
19/07/2011,0.039262616
20/07/2011,0.039237067
21/07/2011,0.039211879
22/07/2011,0.039275876
23/07/2011,0.039267684
24/07/2011,0.039642284
25/07/2011,0.039664847
26/07/2011,0.037997570
27/07/2011,0.037616716
28/07/2011,0.037652494
29/07/2011,0.037689234
30/07/2011,0.037196260
31/07/2011,0.036350315
01/08/2011,0.036568622
02/08/2011,0.038015260
03/08/2011,0.059165218
04/08/2011,0.065188638
05/08/2011,0.062403856
06/08/2011,0.085405421
07/08/2011,0.094700688
08/08/2011,0.095489103
09/08/2011,0.105878980
10/08/2011,0.106095752
11/08/2011,0.106498031
12/08/2011,0.106518021
13/08/2011,0.107249176
14/08/2011,0.108452915
15/08/2011,0.108671287
16/08/2011,0.108559990
17/08/2011,0.108374120
18/08/2011,0.108299093
19/08/2011,0.109280367
20/08/2011,0.109305781
21/08/2011,0.109283373
22/08/2011,0.109440276
23/08/2011,0.109304031
24/08/2011,0.109286491
25/08/2011,0.111513715
26/08/2011,0.114718541
27/08/2011,0.115487193
28/08/2011,0.116051109
29/08/2011,0.116019736
30/08/2011,0.116020951
31/08/2011,0.116484111
01/09/2011,0.116171309
02/09/2011,0.105599014
03/09/2011,0.101723889
04/09/2011,0.100287026
05/09/2011,0.080176556
06/09/2011,0.073376068
07/09/2011,0.072287586
08/09/2011,0.058158236
09/09/2011,0.076854478
10/09/2011,0.076663179
11/09/2011,0.087649057
12/09/2011,0.087220654
13/09/2011,0.085565615
14/09/2011,0.085073289
15/09/2011,0.087665800
16/09/2011,0.087622208
17/09/2011,0.087609286
18/09/2011,0.088470369
19/09/2011,0.089646277
20/09/2011,0.092800974
21/09/2011,0.093710311
22/09/2011,0.093618768
23/09/2011,0.093831891
24/09/2011,0.091605282
25/09/2011,0.087584983
26/09/2011,0.087657152
27/09/2011,0.086865701
28/09/2011,0.086851786
29/09/2011,0.086960646
30/09/2011,0.088048666
01/10/2011,0.087974428
02/10/2011,0.087215960
03/10/2011,0.087300905
04/10/2011,0.087272927
05/10/2011,0.086534892
06/10/2011,0.084957183
07/10/2011,0.085731417
08/10/2011,0.085760492
09/10/2011,0.068659542
10/10/2011,0.068165173
11/10/2011,0.054704067
12/10/2011,0.054660840
13/10/2011,0.054364915
14/10/2011,0.054177898
15/10/2011,0.048784556
16/10/2011,0.049742064
17/10/2011,0.077527285
18/10/2011,0.074887562
19/10/2011,0.074220946
20/10/2011,0.071675026
21/10/2011,0.073864195
22/10/2011,0.085078613
23/10/2011,0.084887878
24/10/2011,0.092573997
25/10/2011,0.095598951
26/10/2011,0.094697613
27/10/2011,0.096741840
28/10/2011,0.097291652
29/10/2011,0.100079828
30/10/2011,0.099870128
31/10/2011,0.099913350
01/11/2011,0.099933779
02/11/2011,0.100170938
03/11/2011,0.100197693
04/11/2011,0.100197699
05/11/2011,0.100318366
06/11/2011,0.099019070
07/11/2011,0.098524207
08/11/2011,0.098305760
09/11/2011,0.098524362
10/11/2011,0.098539274
11/11/2011,0.099290468
12/11/2011,0.099212123
13/11/2011,0.099212553
14/11/2011,0.111986150
15/11/2011,0.112225604
16/11/2011,0.096088958
17/11/2011,0.097544627
18/11/2011,0.097283063
19/11/2011,0.096987828
20/11/2011,0.095518593
21/11/2011,0.087289939
22/11/2011,0.087443051
23/11/2011,0.077829866
24/11/2011,0.075728228
25/11/2011,0.075892890
26/11/2011,0.073713763
27/11/2011,0.073131823
28/11/2011,0.069633443
29/11/2011,0.069941885
30/11/2011,0.071385286
01/12/2011,0.071605074
02/12/2011,0.071432408
03/12/2011,0.073560351
04/12/2011,0.073549303
05/12/2011,0.073195854
06/12/2011,0.073807345
07/12/2011,0.073771793
08/12/2011,0.073732019
09/12/2011,0.073275695
10/12/2011,0.073457125
11/12/2011,0.073041572
12/12/2011,0.073088004
13/12/2011,0.073082633
14/12/2011,0.047322805
15/12/2011,0.046953908
16/12/2011,0.044371590
17/12/2011,0.038410500
18/12/2011,0.034475643
19/12/2011,0.037405731
20/12/2011,0.041352046
21/12/2011,0.041748638
22/12/2011,0.041828464
23/12/2011,0.041777195
24/12/2011,0.041544897
25/12/2011,0.042777935
26/12/2011,0.044650163
27/12/2011,0.044595003
28/12/2011,0.044606239
29/12/2011,0.043086122
30/12/2011,0.041788557
31/12/2011,0.043870054
01/01/2012,0.047609853
02/01/2012,0.042634313
03/01/2012,0.045443180
04/01/2012,0.050356159
05/01/2012,0.060530907
06/01/2012,0.060934524
07/01/2012,0.060788234
08/01/2012,0.060387484
09/01/2012,0.066273280
10/01/2012,0.066030833
11/01/2012,0.065755267
12/01/2012,0.066198833
13/01/2012,0.066883402
14/01/2012,0.066987542
15/01/2012,0.066906883
16/01/2012,0.068052575
17/01/2012,0.077738875
18/01/2012,0.076540416
19/01/2012,0.074967733
20/01/2012,0.074759830
21/01/2012,0.075747156
22/01/2012,0.075741095
23/01/2012,0.075691089
24/01/2012,0.075147157
25/01/2012,0.075867570
26/01/2012,0.077651835
27/01/2012,0.077667534
28/01/2012,0.078300510
29/01/2012,0.078901077
30/01/2012,0.077418662
31/01/2012,0.074533059
01/02/2012,0.076257680
02/02/2012,0.075053600
03/02/2012,0.071134275
04/02/2012,0.059628038
05/02/2012,0.059778077
06/02/2012,0.059862886
07/02/2012,0.059574969
08/02/2012,0.055599324
09/02/2012,0.055611652
10/02/2012,0.054702997
11/02/2012,0.055470759
12/02/2012,0.054943566
13/02/2012,0.054251147
14/02/2012,0.061521885
15/02/2012,0.061335081
16/02/2012,0.052613205
17/02/2012,0.051908896
18/02/2012,0.049861146
19/02/2012,0.049821142
20/02/2012,0.049327458
21/02/2012,0.048974607
22/02/2012,0.049238461
23/02/2012,0.055763077
24/02/2012,0.054196440
25/02/2012,0.053108656
26/02/2012,0.053477801
27/02/2012,0.051966381
28/02/2012,0.051382007
29/02/2012,0.051199136
01/03/2012,0.051230118
02/03/2012,0.048323010
03/03/2012,0.048298025
04/03/2012,0.049144184
05/03/2012,0.049605186
06/03/2012,0.049247479
07/03/2012,0.048911776
08/03/2012,0.048448417
09/03/2012,0.048468557
10/03/2012,0.047793713
11/03/2012,0.047692204
12/03/2012,0.046775791
13/03/2012,0.048870872
14/03/2012,0.048665144
15/03/2012,0.035549307
16/03/2012,0.034691351
17/03/2012,0.034770774
18/03/2012,0.034458663
19/03/2012,0.040958293
20/03/2012,0.041057222
21/03/2012,0.041039989
22/03/2012,0.041143817
23/03/2012,0.040999784
24/03/2012,0.032947056
25/03/2012,0.033129247
26/03/2012,0.032036335
27/03/2012,0.032269789
28/03/2012,0.032255126
29/03/2012,0.032069884
30/03/2012,0.032171859
31/03/2012,0.032134943
01/04/2012,0.031341102
02/04/2012,0.031881070
03/04/2012,0.030945135
04/04/2012,0.030475297
05/04/2012,0.030474592
06/04/2012,0.030462212
07/04/2012,0.031779265
08/04/2012,0.031838368
09/04/2012,0.031949908
10/04/2012,0.031892504
11/04/2012,0.032010098
12/04/2012,0.028750832
13/04/2012,0.028529315
14/04/2012,0.028534372
15/04/2012,0.028538859
16/04/2012,0.028354720
17/04/2012,0.028330313
18/04/2012,0.018471689
19/04/2012,0.017643216
20/04/2012,0.019268845
21/04/2012,0.019172760
22/04/2012,0.019414870
23/04/2012,0.019635821
24/04/2012,0.019131913
25/04/2012,0.019019345
26/04/2012,0.018023406
27/04/2012,0.017990261
28/04/2012,0.018650309
29/04/2012,0.018684637
30/04/2012,0.018711536
01/05/2012,0.018373775
02/05/2012,0.017124049
03/05/2012,0.017232669
04/05/2012,0.017212231
05/05/2012,0.017257045
06/05/2012,0.017239027
07/05/2012,0.014395402
08/05/2012,0.014347229
09/05/2012,0.014120360
10/05/2012,0.014781796
11/05/2012,0.014584182
12/05/2012,0.014589089
13/05/2012,0.014538297
14/05/2012,0.014721640
15/05/2012,0.014739869
16/05/2012,0.014846827
17/05/2012,0.014838193
18/05/2012,0.013752088
19/05/2012,0.013751164
20/05/2012,0.010813454
21/05/2012,0.010486070
22/05/2012,0.010075589
23/05/2012,0.009734466
24/05/2012,0.009703175
25/05/2012,0.009472579
26/05/2012,0.009365953
27/05/2012,0.009428098
28/05/2012,0.008148835
29/05/2012,0.007649185
30/05/2012,0.007578591
31/05/2012,0.007556110
01/06/2012,0.007745238
02/06/2012,0.007500722
03/06/2012,0.007480537
04/06/2012,0.007513026
05/06/2012,0.009268550
06/06/2012,0.009267516
07/06/2012,0.009937252
08/06/2012,0.009950053
09/06/2012,0.009101152
10/06/2012,0.009920174
11/06/2012,0.010495586
12/06/2012,0.011119510
13/06/2012,0.012030690
14/06/2012,0.012044540
15/06/2012,0.019551261
16/06/2012,0.019859644
17/06/2012,0.021599227
18/06/2012,0.021647186
19/06/2012,0.021903841
20/06/2012,0.022208764
21/06/2012,0.022246623
22/06/2012,0.022726078
23/06/2012,0.023154275
24/06/2012,0.023518870
25/06/2012,0.023494380
26/06/2012,0.023578345
27/06/2012,0.023828353
28/06/2012,0.023910416
29/06/2012,0.023834726
30/06/2012,0.023855085
01/07/2012,0.023992953
02/07/2012,0.023945248
03/07/2012,0.025710748
04/07/2012,0.025714436
05/07/2012,0.025418541
06/07/2012,0.025415772
07/07/2012,0.025297516
08/07/2012,0.025343422
09/07/2012,0.025599720
10/07/2012,0.025222739
11/07/2012,0.025118516
12/07/2012,0.026105401
13/07/2012,0.025773413
14/07/2012,0.025922077
15/07/2012,0.020790741
16/07/2012,0.027686412
17/07/2012,0.026403118
18/07/2012,0.026839895
19/07/2012,0.027438491
20/07/2012,0.028654324
21/07/2012,0.029128572
22/07/2012,0.030294152
23/07/2012,0.029902358
24/07/2012,0.029556851
25/07/2012,0.029497162
26/07/2012,0.029467147
27/07/2012,0.029325286
28/07/2012,0.029353121
29/07/2012,0.029592167
30/07/2012,0.030038722
31/07/2012,0.029954380
01/08/2012,0.030057343
02/08/2012,0.032050945
03/08/2012,0.032184703
04/08/2012,0.032327483
05/08/2012,0.032636222
06/08/2012,0.032677883
07/08/2012,0.032560397
08/08/2012,0.032383290
09/08/2012,0.032440141
10/08/2012,0.032461306
11/08/2012,0.031808522
12/08/2012,0.031850208
13/08/2012,0.031793956
14/08/2012,0.031748400
15/08/2012,0.029116239
16/08/2012,0.028999356
17/08/2012,0.036194539
18/08/2012,0.036921788
19/08/2012,0.081567139
20/08/2012,0.092846768
21/08/2012,0.092464200
22/08/2012,0.092524292
23/08/2012,0.092658629
24/08/2012,0.092951259
25/08/2012,0.092953882
26/08/2012,0.092967244
27/08/2012,0.093074015
28/08/2012,0.093017333
29/08/2012,0.092863017
30/08/2012,0.092851192
31/08/2012,0.093495736
01/09/2012,0.091733023
02/09/2012,0.091595195
03/09/2012,0.091740807
04/09/2012,0.091749381
05/09/2012,0.092468981
06/09/2012,0.092487417
07/09/2012,0.092475015
08/09/2012,0.092474791
09/09/2012,0.092294647
10/09/2012,0.092286823
11/09/2012,0.092317139
12/09/2012,0.092097602
13/09/2012,0.092042719
14/09/2012,0.091027283
15/09/2012,0.090907765
16/09/2012,0.088840197
17/09/2012,0.088490379
18/09/2012,0.048551825
19/09/2012,0.022694075
20/09/2012,0.022779409
21/09/2012,0.022529542
22/09/2012,0.022275547
23/09/2012,0.020841353
24/09/2012,0.020880458
25/09/2012,0.020824809
26/09/2012,0.020172967
27/09/2012,0.020186506
28/09/2012,0.020099189
29/09/2012,0.019839224
30/09/2012,0.015669929
01/10/2012,0.015424611
02/10/2012,0.015932042
03/10/2012,0.015560685
04/10/2012,0.015348799
05/10/2012,0.011636273
06/10/2012,0.012366949
07/10/2012,0.015897561
08/10/2012,0.016083042
09/10/2012,0.016120953
10/10/2012,0.016571533
11/10/2012,0.016500591
12/10/2012,0.016527208
13/10/2012,0.016620537
14/10/2012,0.016310899
15/10/2012,0.016801076
16/10/2012,0.016625866
17/10/2012,0.016660219
18/10/2012,0.015733590
19/10/2012,0.015411372
20/10/2012,0.015331390
21/10/2012,0.015332476
22/10/2012,0.015343420
23/10/2012,0.015338128
24/10/2012,0.015356134
25/10/2012,0.020793431
26/10/2012,0.022907208
27/10/2012,0.023934096
28/10/2012,0.024456241
29/10/2012,0.024427142
30/10/2012,0.024891835
31/10/2012,0.025498973
01/11/2012,0.025829985
02/11/2012,0.025611704
03/11/2012,0.025827506
04/11/2012,0.026076543
05/11/2012,0.025941799
06/11/2012,0.024553393
07/11/2012,0.024570014
08/11/2012,0.024497643
09/11/2012,0.024001346
10/11/2012,0.024047331
11/11/2012,0.024048933
12/11/2012,0.024323440
13/11/2012,0.024004049
14/11/2012,0.023579802
15/11/2012,0.023922332
16/11/2012,0.025467720
17/11/2012,0.025479929
18/11/2012,0.025381579
19/11/2012,0.025398489
20/11/2012,0.025404939
21/11/2012,0.025374918
22/11/2012,0.026770206
23/11/2012,0.026733498
24/11/2012,0.022015442
25/11/2012,0.018347191
26/11/2012,0.018806402
27/11/2012,0.018510360
28/11/2012,0.018459721
29/11/2012,0.018274153
30/11/2012,0.017831491
01/12/2012,0.014788435
02/12/2012,0.014778256
03/12/2012,0.014797094
04/12/2012,0.017255155
05/12/2012,0.017232706
06/12/2012,0.017238010
07/12/2012,0.017287517
08/12/2012,0.017155889
09/12/2012,0.017298300
10/12/2012,0.017304771
11/12/2012,0.017219661
12/12/2012,0.017132386
13/12/2012,0.017025632
14/12/2012,0.017254868
15/12/2012,0.017235157
16/12/2012,0.015909196
17/12/2012,0.015938506
18/12/2012,0.015863219
19/12/2012,0.016109921
20/12/2012,0.016025594
21/12/2012,0.016266545
22/12/2012,0.014174820
23/12/2012,0.014303614
24/12/2012,0.014260267
25/12/2012,0.014260086
26/12/2012,0.013094851
27/12/2012,0.013129104
28/12/2012,0.012970719
29/12/2012,0.012915550
30/12/2012,0.012897008
31/12/2012,0.012927774
01/01/2013,0.013238657
02/01/2013,0.013129480
03/01/2013,0.008582375
04/01/2013,0.008589815
05/01/2013,0.008287027
06/01/2013,0.008310111
07/01/2013,0.008333429
08/01/2013,0.008547954
09/01/2013,0.008355159
10/01/2013,0.009067577
11/01/2013,0.009125134
12/01/2013,0.009084039
13/01/2013,0.008831101
14/01/2013,0.008914549
15/01/2013,0.008357943
16/01/2013,0.009474862
17/01/2013,0.013778827
18/01/2013,0.013512369
19/01/2013,0.013717085
20/01/2013,0.013431676
21/01/2013,0.017291580
22/01/2013,0.017527129
23/01/2013,0.017548849
24/01/2013,0.019309296
25/01/2013,0.019708186
26/01/2013,0.019561778
27/01/2013,0.019600621
28/01/2013,0.020758840
29/01/2013,0.021266771
30/01/2013,0.021247264
31/01/2013,0.021053233
01/02/2013,0.021039482
02/02/2013,0.023270888
03/02/2013,0.024033905
04/02/2013,0.024213287
05/02/2013,0.024139800
06/02/2013,0.024155139
07/02/2013,0.024655363
08/02/2013,0.024661542
09/02/2013,0.025036666
10/02/2013,0.025041967
11/02/2013,0.024834810
12/02/2013,0.024487724
13/02/2013,0.025166132
14/02/2013,0.029176798
15/02/2013,0.029523276
16/02/2013,0.028715401
17/02/2013,0.029323009
18/02/2013,0.029108354
19/02/2013,0.031713990
20/02/2013,0.030599644
21/02/2013,0.030718107
22/02/2013,0.030712212
23/02/2013,0.029901334
24/02/2013,0.029976737
25/02/2013,0.029925696
26/02/2013,0.029959722
27/02/2013,0.029459085
28/02/2013,0.030586393
01/03/2013,0.030739685
02/03/2013,0.031049529
03/03/2013,0.030852029
04/03/2013,0.029562185
05/03/2013,0.033634790
06/03/2013,0.033908567
07/03/2013,0.035360019
08/03/2013,0.035584901
09/03/2013,0.036253357
10/03/2013,0.037066513
11/03/2013,0.037181789
12/03/2013,0.041935439
13/03/2013,0.042452868
14/03/2013,0.042671430
15/03/2013,0.042370023
16/03/2013,0.039633264
17/03/2013,0.039506942
18/03/2013,0.041075160
19/03/2013,0.046457025
20/03/2013,0.046783210
21/03/2013,0.047751543
22/03/2013,0.048366298
23/03/2013,0.052150194
24/03/2013,0.054236975
25/03/2013,0.053397672
26/03/2013,0.053330307
27/03/2013,0.055694206
28/03/2013,0.056392921
29/03/2013,0.056083838
30/03/2013,0.055837630
31/03/2013,0.055906756
01/04/2013,0.056400061
02/04/2013,0.058072241
03/04/2013,0.059758954
04/04/2013,0.058553585
05/04/2013,0.058671383
06/04/2013,0.057554720
07/04/2013,0.059782534
08/04/2013,0.061949859
09/04/2013,0.067845342
10/04/2013,0.101340212
11/04/2013,0.162788425
12/04/2013,0.170304856
13/04/2013,0.172778040
14/04/2013,0.174078892
15/04/2013,0.175337360
16/04/2013,0.178634968
17/04/2013,0.186256004
18/04/2013,0.186495533
19/04/2013,0.186750001
20/04/2013,0.186317458
21/04/2013,0.187090304
22/04/2013,0.186317728
23/04/2013,0.186491779
24/04/2013,0.186783374
25/04/2013,0.187806739
26/04/2013,0.186964298
27/04/2013,0.187505968
28/04/2013,0.187598094
29/04/2013,0.187841814
30/04/2013,0.188043139
01/05/2013,0.190574227
02/05/2013,0.190003056
03/05/2013,0.189347431
04/05/2013,0.191722109
05/05/2013,0.191353852
06/05/2013,0.191429128
07/05/2013,0.189664062
08/05/2013,0.187697016
09/05/2013,0.182617460
10/05/2013,0.171729387
11/05/2013,0.119347176
12/05/2013,0.106515764
13/05/2013,0.103514048
14/05/2013,0.103222095
15/05/2013,0.101456991
16/05/2013,0.095711342
17/05/2013,0.078603213
18/05/2013,0.073397288
19/05/2013,0.071489873
20/05/2013,0.070095864
21/05/2013,0.068612945
22/05/2013,0.067600765
23/05/2013,0.064225808
24/05/2013,0.062794936
25/05/2013,0.060805259
26/05/2013,0.060673401
27/05/2013,0.059630961
28/05/2013,0.058904399
29/05/2013,0.057796411
30/05/2013,0.057657448
31/05/2013,0.046905817
01/06/2013,0.043635133
02/06/2013,0.040300032
03/06/2013,0.029167720
04/06/2013,0.028888725
05/06/2013,0.027926171
06/06/2013,0.028084836
07/06/2013,0.031502961
08/06/2013,0.031492893
09/06/2013,0.033881693
10/06/2013,0.034934564
11/06/2013,0.035450001
12/06/2013,0.035188262
13/06/2013,0.032847997
14/06/2013,0.032938365
15/06/2013,0.032186891
16/06/2013,0.031196848
17/06/2013,0.031252519
18/06/2013,0.032357342
19/06/2013,0.032311435
20/06/2013,0.032316043
21/06/2013,0.032417108
22/06/2013,0.031335685
23/06/2013,0.030034645
24/06/2013,0.030011473
25/06/2013,0.029802866
26/06/2013,0.029731994
27/06/2013,0.029782154
28/06/2013,0.031572856
29/06/2013,0.031511202
30/06/2013,0.031452398
01/07/2013,0.033364721
02/07/2013,0.035236577
03/07/2013,0.040556564
04/07/2013,0.040990157
05/07/2013,0.048675090
06/07/2013,0.048671500
07/07/2013,0.050880632
08/07/2013,0.051394637
09/07/2013,0.049530391
10/07/2013,0.054671001
11/07/2013,0.054649605
12/07/2013,0.055027215
13/07/2013,0.054557220
14/07/2013,0.054533001
15/07/2013,0.055147974
16/07/2013,0.055253952
17/07/2013,0.055203588
18/07/2013,0.055825968
19/07/2013,0.055949964
20/07/2013,0.055964274
21/07/2013,0.055884997
22/07/2013,0.055872300
23/07/2013,0.055981658
24/07/2013,0.056056686
25/07/2013,0.056237632
26/07/2013,0.056199198
27/07/2013,0.056214559
28/07/2013,0.055138430
29/07/2013,0.055122356
30/07/2013,0.055458065
31/07/2013,0.053418171
01/08/2013,0.052604794
02/08/2013,0.047002076
03/08/2013,0.047009800
04/08/2013,0.035020335
05/08/2013,0.034606729
06/08/2013,0.031982319
07/08/2013,0.031978381
08/08/2013,0.032724115
09/08/2013,0.024124741
10/08/2013,0.023653722
11/08/2013,0.023175878
12/08/2013,0.023084324
13/08/2013,0.023117185
14/08/2013,0.021983475
15/08/2013,0.021657810
16/08/2013,0.021568532
17/08/2013,0.016880266
18/08/2013,0.016872336
19/08/2013,0.017345638
20/08/2013,0.017440597
21/08/2013,0.019788718
22/08/2013,0.020080156
23/08/2013,0.020535710
24/08/2013,0.020333468
25/08/2013,0.021061535
26/08/2013,0.020624116
27/08/2013,0.020514875
28/08/2013,0.020520214
29/08/2013,0.019859169
30/08/2013,0.021313132
31/08/2013,0.021142048
01/09/2013,0.020996522
02/09/2013,0.021039154
03/09/2013,0.021174769
04/09/2013,0.024056265
05/09/2013,0.024085982
06/09/2013,0.025345709
07/09/2013,0.024483540
08/09/2013,0.024330305
09/09/2013,0.024566868
10/09/2013,0.024565265
11/09/2013,0.025181474
12/09/2013,0.025121675
13/09/2013,0.025111049
14/09/2013,0.025595753
15/09/2013,0.025573842
16/09/2013,0.025553554
17/09/2013,0.025450703
18/09/2013,0.024949973
19/09/2013,0.025418919
20/09/2013,0.023522792
21/09/2013,0.023350510
22/09/2013,0.023061554
23/09/2013,0.023058174
24/09/2013,0.022172338
25/09/2013,0.022082269
26/09/2013,0.020353929
27/09/2013,0.020495069
28/09/2013,0.020491552
29/09/2013,0.018427306
30/09/2013,0.017763694
01/10/2013,0.017619810
02/10/2013,0.040980733
03/10/2013,0.047270501
04/10/2013,0.046838581
05/10/2013,0.046844635
06/10/2013,0.046334773
07/10/2013,0.046288718
08/10/2013,0.046201166
09/10/2013,0.045985981
10/10/2013,0.045978436
11/10/2013,0.045425251
12/10/2013,0.045430437
13/10/2013,0.045868167
14/10/2013,0.045753990
15/10/2013,0.046381188
16/10/2013,0.046625164
17/10/2013,0.047070145
18/10/2013,0.048185541
19/10/2013,0.049791038
20/10/2013,0.049661911
21/10/2013,0.051143440
22/10/2013,0.051674886
23/10/2013,0.052611817
24/10/2013,0.054044751
25/10/2013,0.055119969
26/10/2013,0.055739155
27/10/2013,0.057050237
28/10/2013,0.057009138
29/10/2013,0.057156486
30/10/2013,0.057679496
31/10/2013,0.057715623
01/11/2013,0.040527199
02/11/2013,0.035963798
03/11/2013,0.035838955
04/11/2013,0.037536932
05/11/2013,0.038218259
06/11/2013,0.039408699
07/11/2013,0.041378690
08/11/2013,0.045962369
09/11/2013,0.046315979
10/11/2013,0.046702610
11/11/2013,0.046484838
12/11/2013,0.046483745
13/11/2013,0.048326865
14/11/2013,0.048427817
15/11/2013,0.048325805
16/11/2013,0.048611567
17/11/2013,0.050131093
18/11/2013,0.069446450
19/11/2013,0.080966523
20/11/2013,0.081097671
21/11/2013,0.085648129
22/11/2013,0.086297643
23/11/2013,0.084366496
24/11/2013,0.083892631
25/11/2013,0.082820783
26/11/2013,0.083520262
27/11/2013,0.083130265
28/11/2013,0.083111494
29/11/2013,0.082199100
30/11/2013,0.082908669
01/12/2013,0.090508893
02/12/2013,0.090233577
03/12/2013,0.090421077
04/12/2013,0.090322077
05/12/2013,0.094503655
06/12/2013,0.106181713
07/12/2013,0.111399387
08/12/2013,0.110437685
09/12/2013,0.111859127
10/12/2013,0.111954948
11/12/2013,0.115074045
12/12/2013,0.115236104
13/12/2013,0.114390120
14/12/2013,0.114725843
15/12/2013,0.114446483
16/12/2013,0.124113299
17/12/2013,0.122868655
18/12/2013,0.119684318
19/12/2013,0.124750181
20/12/2013,0.126418478
21/12/2013,0.121167478
22/12/2013,0.119453894
23/12/2013,0.119967926
24/12/2013,0.119876200
25/12/2013,0.120164928
26/12/2013,0.119674369
27/12/2013,0.119312153
28/12/2013,0.118864223
29/12/2013,0.116633699
30/12/2013,0.116727616
31/12/2013,0.113914217
01/01/2014,0.113038891
02/01/2014,0.113383875
03/01/2014,0.112509876
04/01/2014,0.111448294
05/01/2014,0.105110942
06/01/2014,0.100593350
07/01/2014,0.101871154
08/01/2014,0.098815989
09/01/2014,0.097418745
10/01/2014,0.095533416
11/01/2014,0.095846249
12/01/2014,0.096300739
13/01/2014,0.096265377
14/01/2014,0.096237704
15/01/2014,0.084942278
16/01/2014,0.085220100
17/01/2014,0.069249208
18/01/2014,0.050567317
19/01/2014,0.043511120
20/01/2014,0.043605365
21/01/2014,0.043564893
22/01/2014,0.042253054
23/01/2014,0.042235375
24/01/2014,0.042493093
25/01/2014,0.038789243
26/01/2014,0.038095485
27/01/2014,0.041914472
28/01/2014,0.043292320
29/01/2014,0.043261271
30/01/2014,0.043220478
31/01/2014,0.042903336
01/02/2014,0.042279766
02/02/2014,0.041976484
03/02/2014,0.041721682
04/02/2014,0.038416251
05/02/2014,0.038377751
06/02/2014,0.030714997
07/02/2014,0.032844845
08/02/2014,0.033623818
09/02/2014,0.033292522
10/02/2014,0.032009333
11/02/2014,0.031075298
12/02/2014,0.031088290
13/02/2014,0.032776904
14/02/2014,0.036557567
15/02/2014,0.036404782
16/02/2014,0.036990393
17/02/2014,0.036795711
18/02/2014,0.035890831
19/02/2014,0.035895429
20/02/2014,0.039561506
21/02/2014,0.040271375
22/02/2014,0.041578799
23/02/2014,0.041317741
24/02/2014,0.045248351
25/02/2014,0.044990232
26/02/2014,0.046815116
27/02/2014,0.044937800
28/02/2014,0.045761813
01/03/2014,0.046244575
02/03/2014,0.046150106
03/03/2014,0.059192449
04/03/2014,0.059177943
05/03/2014,0.059175307
06/03/2014,0.059174866
07/03/2014,0.059812930
08/03/2014,0.059722899
09/03/2014,0.058845068
10/03/2014,0.058309046
11/03/2014,0.058263799
12/03/2014,0.058268708
13/03/2014,0.058246558
14/03/2014,0.058195343
15/03/2014,0.056998022
16/03/2014,0.054635769
17/03/2014,0.054593918
18/03/2014,0.053922258
19/03/2014,0.053871663
20/03/2014,0.054330993
21/03/2014,0.054552097
22/03/2014,0.051359745
23/03/2014,0.051097195
24/03/2014,0.051110677
25/03/2014,0.051097866
26/03/2014,0.046168275
27/03/2014,0.057014784
28/03/2014,0.054282796
29/03/2014,0.054333488
30/03/2014,0.054491140
31/03/2014,0.054085527
01/04/2014,0.055077039
02/04/2014,0.042912255
03/04/2014,0.043423983
04/04/2014,0.043481538
05/04/2014,0.044050896
06/04/2014,0.043301434
07/04/2014,0.043339199
08/04/2014,0.042819678
09/04/2014,0.042839641
10/04/2014,0.053380956
11/04/2014,0.060619138
12/04/2014,0.060509497
13/04/2014,0.060488272
14/04/2014,0.063939313
15/04/2014,0.068464031
16/04/2014,0.068578961
17/04/2014,0.069329432
18/04/2014,0.069508619
19/04/2014,0.069840970
20/04/2014,0.069691451
21/04/2014,0.069688085
22/04/2014,0.069721714
23/04/2014,0.069096484
24/04/2014,0.069331351
25/04/2014,0.070538232
26/04/2014,0.062455394
27/04/2014,0.062629496
28/04/2014,0.062599593
29/04/2014,0.061592603
30/04/2014,0.061580867
01/05/2014,0.061020909
02/05/2014,0.058929712
03/05/2014,0.059030673
04/05/2014,0.059035610
05/05/2014,0.058829781
06/05/2014,0.058826556
07/05/2014,0.058946701
08/05/2014,0.058921226
09/05/2014,0.059000919
10/05/2014,0.047004728
11/05/2014,0.040531564
12/05/2014,0.040529619
13/05/2014,0.040372076
14/05/2014,0.035754347
15/05/2014,0.026999828
16/05/2014,0.026682112
17/05/2014,0.024532591
18/05/2014,0.023843594
19/05/2014,0.022236909
20/05/2014,0.028263385
21/05/2014,0.028275526
22/05/2014,0.030433404
23/05/2014,0.030471862
24/05/2014,0.030173826
25/05/2014,0.030027517
26/05/2014,0.029811371
27/05/2014,0.028516115
28/05/2014,0.028512189
29/05/2014,0.028839816
30/05/2014,0.032033267
31/05/2014,0.031922980
01/06/2014,0.031520961
02/06/2014,0.031392062
03/06/2014,0.031186305
04/06/2014,0.032644010
05/06/2014,0.032546189
06/06/2014,0.032946265
07/06/2014,0.032796902
08/06/2014,0.032751697
09/06/2014,0.033116605
10/06/2014,0.031727901
11/06/2014,0.032680620
12/06/2014,0.035439971
13/06/2014,0.035435463
14/06/2014,0.036431367
15/06/2014,0.036534716
16/06/2014,0.036532053
17/06/2014,0.036640155
18/06/2014,0.036674917
19/06/2014,0.033661635
20/06/2014,0.033752351
21/06/2014,0.031898734
22/06/2014,0.031871819
23/06/2014,0.032104343
24/06/2014,0.028580082
25/06/2014,0.028892366
26/06/2014,0.029331479
27/06/2014,0.029919994
28/06/2014,0.029839234
29/06/2014,0.025435284
30/06/2014,0.027817758
01/07/2014,0.027832387
02/07/2014,0.026235133
03/07/2014,0.026129510
04/07/2014,0.025306300
05/07/2014,0.024761504
06/07/2014,0.024622713
07/07/2014,0.024744689
08/07/2014,0.024754620
09/07/2014,0.024644249
10/07/2014,0.024658052
11/07/2014,0.024660267
12/07/2014,0.021413276
13/07/2014,0.021520997
14/07/2014,0.020592990
15/07/2014,0.020180353
16/07/2014,0.020276377
17/07/2014,0.019628709
18/07/2014,0.019694502
19/07/2014,0.019308756
20/07/2014,0.019295805
21/07/2014,0.019353274
22/07/2014,0.019272994
23/07/2014,0.018971591
24/07/2014,0.019446117
25/07/2014,0.018480081
26/07/2014,0.017733883
27/07/2014,0.016635212
28/07/2014,0.016574755
29/07/2014,0.016464931
30/07/2014,0.013049802
31/07/2014,0.014636313
01/08/2014,0.015231617
02/08/2014,0.015287838
03/08/2014,0.014739493
04/08/2014,0.014751445
05/08/2014,0.014711137
06/08/2014,0.014411575
07/08/2014,0.014466237
08/08/2014,0.014516183
09/08/2014,0.014459560
10/08/2014,0.013295566
11/08/2014,0.013991015
12/08/2014,0.013956271
13/08/2014,0.014962435
14/08/2014,0.020573824
15/08/2014,0.020575772
16/08/2014,0.022167514
17/08/2014,0.023164829
18/08/2014,0.024982077
19/08/2014,0.026420964
20/08/2014,0.028959179
21/08/2014,0.029070410
22/08/2014,0.029049645
23/08/2014,0.029358704
24/08/2014,0.029823438
25/08/2014,0.029839375
26/08/2014,0.030211666
27/08/2014,0.030210216
28/08/2014,0.030214382
29/08/2014,0.029639038
30/08/2014,0.028881192
31/08/2014,0.029281495
01/09/2014,0.029272306
02/09/2014,0.029298091
03/09/2014,0.029276880
04/09/2014,0.030145746
05/09/2014,0.030268958
06/09/2014,0.030234598
07/09/2014,0.030156879
08/09/2014,0.030217459
09/09/2014,0.030345904
10/09/2014,0.030241261
11/09/2014,0.030249608
12/09/2014,0.029720519
13/09/2014,0.025956362
14/09/2014,0.025922738
15/09/2014,0.024585587
16/09/2014,0.023345313
17/09/2014,0.020909597
18/09/2014,0.022885787
19/09/2014,0.023948879
20/09/2014,0.025569969
21/09/2014,0.025786864
22/09/2014,0.025243491
23/09/2014,0.030416144
24/09/2014,0.030852546
25/09/2014,0.030874471
26/09/2014,0.030868957
27/09/2014,0.030877550
28/09/2014,0.032453523
29/09/2014,0.032445962
30/09/2014,0.033043697
01/10/2014,0.033089294
02/10/2014,0.033266557
03/10/2014,0.033762136
04/10/2014,0.035447205
05/10/2014,0.035419976
06/10/2014,0.035589987
07/10/2014,0.036083320
08/10/2014,0.038396303
09/10/2014,0.038629807
10/10/2014,0.038482135
11/10/2014,0.038592215
12/10/2014,0.039760791
13/10/2014,0.040482244
14/10/2014,0.040827720
15/10/2014,0.040868735
16/10/2014,0.041081792
17/10/2014,0.041046924
18/10/2014,0.039721041
19/10/2014,0.036943030
20/10/2014,0.036178896
21/10/2014,0.035969489
22/10/2014,0.036014433
23/10/2014,0.033373188
24/10/2014,0.032986625
25/10/2014,0.032963624
26/10/2014,0.033298826
27/10/2014,0.033281644
28/10/2014,0.031417356
29/10/2014,0.033227795
30/10/2014,0.032793977
31/10/2014,0.032877727
01/11/2014,0.033214330
02/11/2014,0.032511831
03/11/2014,0.028716546
04/11/2014,0.028609517
05/11/2014,0.028951314
06/11/2014,0.029276391
07/11/2014,0.027351238
08/11/2014,0.027139246
09/11/2014,0.028712124
10/11/2014,0.028687644
11/11/2014,0.027557245
12/11/2014,0.037035312
13/11/2014,0.036849183
14/11/2014,0.038285076
15/11/2014,0.039068257
16/11/2014,0.039507505
17/11/2014,0.039291669
18/11/2014,0.039811058
19/11/2014,0.039710440
20/11/2014,0.041035541
21/11/2014,0.041070094
22/11/2014,0.039445966
23/11/2014,0.040220395
24/11/2014,0.039914303
25/11/2014,0.039773906
26/11/2014,0.040032913
27/11/2014,0.039980918
28/11/2014,0.038349346
29/11/2014,0.038002782
30/11/2014,0.037719810
01/12/2014,0.036859519
02/12/2014,0.036854349
03/12/2014,0.037114996
04/12/2014,0.037329571
05/12/2014,0.037293263
06/12/2014,0.036977412
07/12/2014,0.036694432
08/12/2014,0.037362649
09/12/2014,0.036731362
10/12/2014,0.036739653
11/12/2014,0.036715841
12/12/2014,0.025612424
13/12/2014,0.025616071
14/12/2014,0.024129208
15/12/2014,0.022707752
16/12/2014,0.023631689
17/12/2014,0.023909532
18/12/2014,0.023437010
19/12/2014,0.023571007
20/12/2014,0.022598907
21/12/2014,0.022956210
22/12/2014,0.023856651
23/12/2014,0.022519691
24/12/2014,0.022847177
25/12/2014,0.022869781
26/12/2014,0.023536898
27/12/2014,0.024430326
28/12/2014,0.023929818
29/12/2014,0.023959635
30/12/2014,0.023835128
31/12/2014,0.024847830